DATE,USAF,TEMP_F,TEMP_C,REF_TEMP_C,DIFF_C
1952-01-01,29740.0,28.347826086956523,-2.0289855072463765,-4.936650062232152,2.9076645549857756
1953-01-01,29740.0,22.1900826446281,-5.449954086317723,-4.936650062232152,-0.5133040240855706
1954-01-01,29740.0,19.864406779661017,-6.741996233521654,-4.936650062232152,-1.8053461712895018
1955-01-01,29740.0,22.583333333333332,-5.231481481481481,-4.936650062232152,-0.2948314192493289
1956-01-01,29740.0,18.25423728813559,-7.636534839924673,-4.936650062232152,-2.699884777692521
1957-01-01,29740.0,27.50413223140496,-2.497704315886132,-4.936650062232152,2.43894574634602
1958-01-01,29740.0,16.991935483870968,-8.337813620071683,-4.936650062232152,-3.4011635578395314
1959-01-01,29740.0,23.02542372881356,-4.985875706214689,-4.936650062232152,-0.04922564398253648
1960-01-01,29740.0,13.204651162790698,-10.441860465116282,-4.936650062232152,-5.5052104028841296
1961-01-01,29740.0,25.32888888888889,-3.706172839506173,-4.936650062232152,1.230477222725979
1962-01-01,29740.0,25.436681222707424,-3.646288209606986,-4.936650062232152,1.290361852625166
1963-01-01,29740.0,14.253112033195022,-9.859382203780545,-4.936650062232152,-4.9227321415483924
1973-01-01,29740.0,28.485530546623796,-1.9524830296534426,-4.936650062232152,2.9841670325787097
1974-01-01,29740.0,26.9625,-2.798611111111114,-4.936650062232152,2.1380389511210383
1975-01-01,29740.0,29.616323907455012,-1.3242644958583336,-4.936650062232152,3.6123855663738187
1976-01-01,29740.0,14.200606060606061,-9.888552188552186,-4.936650062232152,-4.951902126320034
1977-01-01,29740.0,20.35803200948429,-6.467759994730995,-4.936650062232152,-1.5311099324988433
1978-01-01,29740.0,21.70212765957447,-5.72104018912528,-4.936650062232152,-0.7843901268931281
1979-01-01,29740.0,16.51213735938425,-8.604368133675402,-4.936650062232152,-3.6677180714432502
1980-01-01,29740.0,16.124044679600235,-8.819975177999893,-4.936650062232152,-3.8833251157677413
1981-01-01,29740.0,24.644778841769266,-4.08623397679485,-4.936650062232152,0.8504160854373017
1982-01-01,29740.0,13.572966507177034,-10.237240829346117,-4.936650062232152,-5.300590767113965
1983-01-01,29740.0,29.285535378835316,-1.508035900647046,-4.936650062232152,3.428614161585106
1984-01-01,29740.0,24.209162145871005,-4.328243252293888,-4.936650062232152,0.6084068099382645
1985-01-01,29740.0,4.263931414574403,-15.408926991903103,-4.936650062232152,-10.47227692967095
1986-01-01,29740.0,18.14766355140187,-7.695742471443408,-4.936650062232152,-2.759092409211256
1987-01-01,29740.0,-0.6450577663671374,-18.136143203537312,-4.936650062232152,-13.19949314130516
1988-01-01,29740.0,27.40400250156348,-2.553331943575846,-4.936650062232152,2.383318118656306
1989-01-01,29740.0,31.55333749220212,-0.2481458376654905,-4.936650062232152,4.688504224566661
1990-01-01,29740.0,25.030890369473045,-3.8717275725149136,-4.936650062232152,1.0649224897172385
1991-01-01,29740.0,26.592345078979346,-3.004252733900367,-4.936650062232152,1.9323973283317852
1992-01-01,29740.0,29.10796460176991,-1.6066863323500509,-4.936650062232152,3.329963729882101
1993-01-01,29740.0,28.820965842167254,-1.7661300876848596,-4.936650062232152,3.1705199745472923
1994-01-01,29740.0,25.205336426914155,-3.774813096158808,-4.936650062232152,1.161836966073344
1995-01-01,29740.0,26.490885416666668,-3.0606192129629655,-4.936650062232152,1.8760308492691866
1996-01-01,29740.0,21.489003880983184,-5.839442288342687,-4.936650062232152,-0.9027922261105346
1997-01-01,29740.0,24.686507936507937,-4.06305114638448,-4.936650062232152,0.8735989158476718
1998-01-01,29740.0,29.116901408450705,-1.601721439749608,-4.936650062232152,3.3349286224825443
1999-01-01,29740.0,22.55420054200542,-5.247666365552545,-4.936650062232152,-0.3110163033203932
2000-01-01,29740.0,27.02828282828283,-2.762065095398424,-4.936650062232152,2.174584966833728
2001-01-01,29740.0,28.20731707317073,-2.1070460704607026,-4.936650062232152,2.8296039917714495
2002-01-01,29740.0,25.793877551020408,-3.447845804988667,-4.936650062232152,1.4888042572434852
2003-01-01,29740.0,14.50352526439483,-9.720263742002839,-4.936650062232152,-4.783613679770687
2004-01-01,29740.0,19.255306603773583,-7.080385220125791,-4.936650062232152,-2.143735157893639
2005-01-01,29740.0,30.060185185185187,-1.077674897119339,-4.936650062232152,3.8589751651128132
2006-01-01,29740.0,23.46565934065934,-4.741300366300356,-4.936650062232152,0.19534969593179596
2007-01-01,29740.0,27.71318181818182,-2.3815656565656473,-4.936650062232152,2.5550844056665047
2008-01-01,29740.0,31.533902110462506,-0.2589432719652743,-4.936650062232152,4.677706790266877
2009-01-01,29740.0,24.76774483378257,-4.017919536787478,-4.936650062232152,0.9187305254446745
2010-01-01,29740.0,9.560592459605028,-12.466337522441696,-4.936650062232152,-7.529687460209544
2011-01-01,29740.0,22.233947013920073,-5.425584992266619,-4.936650062232152,-0.48893493003446675
2012-01-01,29740.0,22.971748878923766,-5.0156950672645735,-4.936650062232152,-0.0790450050324214
2013-01-01,29740.0,21.399010346378766,-5.889438696456254,-4.936650062232152,-0.9527886342241016
2014-01-01,29740.0,18.527452745274527,-7.484748474847493,-4.936650062232152,-2.5480984126153405
2015-01-01,29740.0,28.541029207232267,-1.9216504404265107,-4.936650062232152,3.014999621805641
2016-01-01,29740.0,13.606822262118492,-10.218432076600848,-4.936650062232152,-5.281782014368696
2017-01-01,29740.0,26.852967625899282,-2.85946243005592,-4.936650062232152,2.077187632176232
2018-01-01,29740.0,28.07353608715388,-2.1813688404700655,-4.936650062232152,2.7552812217620866
2019-01-01,29740.0,20.69838337182448,-6.27867590454195,-4.936650062232152,-1.3420258423097975
1952-02-01,29740.0,24.910714285714285,-3.9384920634920633,-5.656795385248432,1.7183033217563688
1953-02-01,29740.0,16.243243243243242,-8.753753753753756,-5.656795385248432,-3.096958368505324
1954-02-01,29740.0,11.50925925925926,-11.383744855967079,-5.656795385248432,-5.726949470718647
1955-02-01,29740.0,16.76851851851852,-8.461934156378602,-5.656795385248432,-2.80513877113017
1956-02-01,29740.0,6.831775700934579,-13.98234683281412,-5.656795385248432,-8.325551447565687
1957-02-01,29740.0,26.685714285714287,-2.9523809523809517,-5.656795385248432,2.7044144328674804
1958-02-01,29740.0,14.928571428571429,-9.484126984126988,-5.656795385248432,-3.8273315988785557
1959-02-01,29740.0,27.855721393034827,-2.302377003869541,-5.656795385248432,3.354418381378891
1960-02-01,29740.0,15.745192307692308,-9.030448717948715,-5.656795385248432,-3.3736533327002833
1961-02-01,29740.0,31.35377358490566,-0.35901467505241036,-5.656795385248432,5.2977807101960215
1962-02-01,29740.0,22.730232558139534,-5.149870801033591,-5.656795385248432,0.5069245842148407
1963-02-01,29740.0,12.560185185185185,-10.79989711934156,-5.656795385248432,-5.143101734093128
1973-02-01,29740.0,24.54963503649635,-4.13909164639091,-5.656795385248432,1.5177037388575219
1974-02-01,29740.0,31.216748768472907,-0.43513957307060563,-5.656795385248432,5.2216558121778265
1975-02-01,29740.0,26.66850068775791,-2.9619440623567237,-5.656795385248432,2.6948513228917084
1976-02-01,29740.0,19.262148337595907,-7.076584256891163,-5.656795385248432,-1.419788871642731
1977-02-01,29740.0,16.0956749672346,-8.835736129314084,-5.656795385248432,-3.1789407440656516
1978-02-01,29740.0,11.530343007915567,-11.372031662269173,-5.656795385248432,-5.7152362770207406
1979-02-01,29740.0,14.538870431893688,-9.700627537836832,-5.656795385248432,-4.0438321525884
1980-02-01,29740.0,16.43301759133965,-8.64832356036687,-5.656795385248432,-2.9915281751184386
1981-02-01,29740.0,21.035007610350075,-6.091662438694386,-5.656795385248432,-0.434867053445954
1982-02-01,29740.0,21.58494337108594,-5.786142571618936,-5.656795385248432,-0.12934718637050402
1983-02-01,29740.0,17.490947075208915,-8.060584958217268,-5.656795385248432,-2.4037895729688357
1984-02-01,29740.0,21.947741935483872,-5.584587813620078,-5.656795385248432,0.07220757162835412
1985-02-01,29740.0,5.171896316507503,-14.904502046384685,-5.656795385248432,-9.247706661136252
1986-02-01,29740.0,11.110354223433243,-11.605358764759318,-5.656795385248432,-5.948563379510886
1987-02-01,29740.0,19.833098591549295,-6.759389671361543,-5.656795385248432,-1.1025942861131108
1988-02-01,29740.0,24.830299089726918,-3.983167172373928,-5.656795385248432,1.6736282128745041
1989-02-01,29740.0,32.79542395693136,0.4419021982951961,-5.656795385248432,6.098697583543628
1990-02-01,29740.0,34.22364864864865,1.2353603603603616,-5.656795385248432,6.892155745608793
1991-02-01,29740.0,20.735531628532975,-6.25803798414833,-5.656795385248432,-0.6012425988998977
1992-02-01,29740.0,28.348076923076924,-2.028846153846146,-5.656795385248432,3.627949231402286
1993-02-01,29740.0,27.21551724137931,-2.658045977011488,-5.656795385248432,2.998749408236944
1994-02-01,29740.0,8.652542372881356,-12.970809792843697,-5.656795385248432,-7.314014407595265
1995-02-01,29740.0,31.36796536796537,-0.3511303511303561,-5.656795385248432,5.305665034118076
1996-02-01,29740.0,13.795454545454545,-10.113636363636358,-5.656795385248432,-4.456840978387926
1997-02-01,29740.0,26.314574314574315,-3.1585698252364938,-5.656795385248432,2.4982255600119383
1998-02-01,29740.0,23.853820598006646,-4.525655223329641,-5.656795385248432,1.1311401619187906
1999-02-01,29740.0,20.023255813953487,-6.653746770025843,-5.656795385248432,-0.996951384777411
2000-02-01,29740.0,27.730728616684267,-2.37181743517541,-5.656795385248432,3.284977950073022
2001-02-01,29740.0,17.85234899328859,-7.859806114839695,-5.656795385248432,-2.203010729591263
2002-02-01,29740.0,30.56723163841808,-0.795982423101065,-5.656795385248432,4.860812962147367
2003-02-01,29740.0,21.584372948128692,-5.786459473261857,-5.656795385248432,-0.129664088013425
2004-02-01,29740.0,23.160300563556667,-4.910944131357426,-5.656795385248432,0.745851253891006
2005-02-01,29740.0,21.833014659018485,-5.648325189434177,-5.656795385248432,0.008470195814255455
2006-02-01,29740.0,15.601205424409844,-9.110441430883427,-5.656795385248432,-3.4536460456349944
2007-02-01,29740.0,14.695871097683787,-9.613404945731244,-5.656795385248432,-3.9566095604828115
2008-02-01,29740.0,32.44916911045943,0.24953839469968322,-5.656795385248432,5.906333779948115
2009-02-01,29740.0,23.02590931738914,-4.985605934783804,-5.656795385248432,0.6711894504646283
2010-02-01,29740.0,15.702797202797203,-9.054001554001589,-5.656795385248432,-3.397206168753157
2011-02-01,29740.0,10.727318045862413,-11.81815664118757,-5.656795385248432,-6.161361255939139
2012-02-01,29740.0,17.42054728756601,-8.099695951352222,-5.656795385248432,-2.4429005661037904
2013-02-01,29740.0,27.16902119071645,-2.683877116268627,-5.656795385248432,2.972918268979805
2014-02-01,29740.0,31.3768043802887,-0.34621978872850057,-5.656795385248432,5.310575596519931
2015-02-01,29740.0,32.1593625498008,0.08853474988932926,-5.656795385248432,5.7453301351377615
2016-02-01,29740.0,31.15781782756941,-0.4678789846836619,-5.656795385248432,5.1889164005647705
2017-02-01,29740.0,26.2354694485842,-3.2025169730087955,-5.656795385248432,2.4542784122396366
2018-02-01,29740.0,16.425944333996025,-8.65225314777998,-5.656795385248432,-2.995457762531548
2019-02-01,29740.0,31.474416294088424,-0.2919909477286561,-5.656795385248432,5.364804437519776
1952-03-01,29740.0,14.319327731092438,-9.822595704948647,-1.88124031160279,-7.941355393345857
1953-03-01,29740.0,30.70689655172414,-0.718390804597701,-1.88124031160279,1.162849507005089
1954-03-01,29740.0,29.49586776859504,-1.3911845730027552,-1.88124031160279,0.4900557386000348
1955-03-01,29740.0,21.943089430894307,-5.587172538392052,-1.88124031160279,-3.705932226789262
1956-03-01,29740.0,24.16393442622951,-4.353369763205832,-1.88124031160279,-2.472129451603042
1957-03-01,29740.0,19.304347826086957,-7.053140096618354,-1.88124031160279,-5.171899785015564
1958-03-01,29740.0,18.298387096774192,-7.6120071684587804,-1.88124031160279,-5.730766856855991
1959-03-01,29740.0,32.65126050420168,0.3618113912231559,-1.88124031160279,2.243051702825946
1960-03-01,29740.0,23.591743119266056,-4.671253822629969,-1.88124031160279,-2.790013511027179
1961-03-01,29740.0,32.738197424892704,0.41010968049594704,-1.88124031160279,2.2913499920987372
1962-03-01,29740.0,18.377118644067796,-7.568267419962338,-1.88124031160279,-5.6870271083595485
1963-03-01,29740.0,16.262931034482758,-8.742816091954024,-1.88124031160279,-6.8615757803512345
1973-03-01,29740.0,30.05990783410138,-1.077828981054786,-1.88124031160279,0.803411330548004
1974-03-01,29740.0,29.884816753926703,-1.1751018033740548,-1.88124031160279,0.7061385082287353
1975-03-01,29740.0,31.575204531151666,-0.23599748269352025,-1.88124031160279,1.6452428289092698
1976-03-01,29740.0,23.395731707317072,-4.780149051490491,-1.88124031160279,-2.898908739887701
1977-03-01,29740.0,28.22756598240469,-2.0957966764418,-1.88124031160279,-0.21455636483900986
1978-03-01,29740.0,27.301183431952662,-2.6104536489151755,-1.88124031160279,-0.7292133373123855
1979-03-01,29740.0,28.943661971830984,-1.6979655712049995,-1.88124031160279,0.18327474039779057
1980-03-01,29740.0,21.23995200959808,-5.977804439112168,-1.88124031160279,-4.096564127509378
1981-03-01,29740.0,21.078024691358024,-6.067764060356628,-1.88124031160279,-4.186523748753838
1982-03-01,29740.0,31.311641791044774,-0.3824212271973458,-1.88124031160279,1.4988190844054443
1983-03-01,29740.0,27.315375302663437,-2.6025692762980586,-1.88124031160279,-0.7213289646952685
1984-03-01,29740.0,24.669281834640916,-4.072621202977232,-1.88124031160279,-2.1913808913744424
1985-03-01,29740.0,27.51744885679904,-2.4903061906671997,-1.88124031160279,-0.6090658790644097
1986-03-01,29740.0,30.058239576439444,-1.0787557908669538,-1.88124031160279,0.8024845207358362
1987-03-01,29740.0,20.97467572575664,-6.125180152357402,-1.88124031160279,-4.243939840754612
1988-03-01,29740.0,26.39938080495356,-3.111455108359098,-1.88124031160279,-1.230214796756308
1989-03-01,29740.0,34.834766584766584,1.5748703248703195,-1.88124031160279,3.4561106364731096
1990-03-01,29740.0,34.69685767097967,1.4982542616553707,-1.88124031160279,3.3794945732581607
1991-03-01,29740.0,30.88145896656535,-0.6214116852414776,-1.88124031160279,1.2598286263613123
1992-03-01,29740.0,33.571933962264154,0.873296645702306,-1.88124031160279,2.754536957305096
1993-03-01,29740.0,30.813285457809695,-0.6592858567723937,-1.88124031160279,1.2219544548303962
1994-03-01,29740.0,27.59016393442623,-2.449908925318765,-1.88124031160279,-0.5686686137159749
1995-03-01,29740.0,32.44499381953028,0.24721878862793603,-1.88124031160279,2.1284591002307263
1996-03-01,29740.0,26.20212765957447,-3.221040189125298,-1.88124031160279,-1.339799877522508
1997-03-01,29740.0,30.57313829787234,-0.7927009456264767,-1.88124031160279,1.0885393659763132
1998-03-01,29740.0,24.253077975376197,-4.303845569235439,-1.88124031160279,-2.4226052576326493
1999-03-01,29740.0,29.83759590792839,-1.201335606706451,-1.88124031160279,0.6799047048963391
2000-03-01,29740.0,30.774774774774773,-0.6806806806806832,-1.88124031160279,1.2005596309221067
2001-03-01,29740.0,25.624493927125506,-3.541947818263607,-1.88124031160279,-1.660707506660817
2002-03-01,29740.0,32.67477203647417,0.37487335359675733,-1.88124031160279,2.2561136651995475
2003-03-01,29740.0,29.55239786856128,-1.3597789619103797,-1.88124031160279,0.5214613496924103
2004-03-01,29740.0,29.697633136094673,-1.279092702169612,-1.88124031160279,0.6021476094331781
2005-03-01,29740.0,20.51541593949971,-6.380324478055709,-1.88124031160279,-4.499084166452919
2006-03-01,29740.0,20.09419295839049,-6.614337245338614,-1.88124031160279,-4.733096933735824
2007-03-01,29740.0,37.29539170506912,2.9418842805939507,-1.88124031160279,4.8231245921967405
2008-03-01,29740.0,31.029213483146066,-0.5393258426966291,-1.88124031160279,1.341914468906161
2009-03-01,29740.0,28.905330882352942,-1.7192606209150298,-1.88124031160279,0.1619796906877602
2010-03-01,29740.0,27.225937641211026,-2.6522568659938526,-1.88124031160279,-0.7710165543910625
2011-03-01,29740.0,29.021344232515894,-1.6548087597133918,-1.88124031160279,0.22643155188939823
2012-03-01,29740.0,31.751460674157304,-0.13807740324593284,-1.88124031160279,1.7431629083568572
2013-03-01,29740.0,19.917194570135745,-6.712669683257921,-1.88124031160279,-4.8314293716551315
2014-03-01,29740.0,34.79181654676259,1.5510091926458838,-1.88124031160279,3.4322495042486736
2015-03-01,29740.0,35.09303370786517,1.7183520599250905,-1.88124031160279,3.599592371527881
2016-03-01,29740.0,32.25771324863884,0.14317402702157292,-1.88124031160279,2.024414338624363
2017-03-01,29740.0,33.22814881219184,0.6823048956621346,-1.88124031160279,2.5635452072649247
2018-03-01,29740.0,23.1831750339213,-4.8982360922659325,-1.88124031160279,-3.0169957806631427
2019-03-01,29740.0,31.579762989972654,-0.23346500557073718,-1.88124031160279,1.6477753060320528
1952-04-01,29740.0,39.36440677966102,4.091337099811675,3.92752960857661,0.16380749123506488
1953-04-01,29740.0,40.162393162393165,4.534662867996203,3.92752960857661,0.6071332594195931
1954-04-01,29740.0,34.6578947368421,1.4766081871345027,3.92752960857661,-2.450921421442107
1955-04-01,29740.0,30.15929203539823,-1.0226155358898716,3.92752960857661,-4.9501451444664815
1956-04-01,29740.0,31.3135593220339,-0.3813559322033902,3.92752960857661,-4.30888554078
1957-04-01,29740.0,35.472727272727276,1.9292929292929295,3.92752960857661,-1.9982366792836803
1958-04-01,29740.0,33.88333333333333,1.0462962962962965,3.92752960857661,-2.8812333122803135
1959-04-01,29740.0,39.03389830508475,3.9077212806026385,3.92752960857661,-0.019808327973971362
1960-04-01,29740.0,35.1875,1.770833333333333,3.92752960857661,-2.156696275243277
1961-04-01,29740.0,36.58904109589041,2.5494672754946723,3.92752960857661,-1.3780623330819375
1962-04-01,29740.0,38.808510638297875,3.782505910165484,3.92752960857661,-0.14502369841112595
1963-04-01,29740.0,37.39035087719298,2.9946393762183234,3.92752960857661,-0.9328902323582864
1973-04-01,29740.0,36.91027308192458,2.727929489958098,3.92752960857661,-1.1996001186185117
1974-04-01,29740.0,36.97658862876254,2.7647714604236358,3.92752960857661,-1.162758148152974
1975-04-01,29740.0,37.92432082794308,3.2912893488572625,3.92752960857661,-0.6362402597193473
1976-04-01,29740.0,35.92040429564119,2.1780023864673272,3.92752960857661,-1.7495272221092826
1977-04-01,29740.0,35.2179176755448,1.7877320419693328,3.92752960857661,-2.1397975666072773
1978-04-01,29740.0,35.695090439276484,2.052828021820267,3.92752960857661,-1.874701586756343
1979-04-01,29740.0,35.18523076923077,1.769572649572656,3.92752960857661,-2.157956959003954
1980-04-01,29740.0,40.515625,4.730902777777785,3.92752960857661,0.803373169201175
1981-04-01,29740.0,35.24025157232705,1.8001397624039268,3.92752960857661,-2.127389846172683
1982-04-01,29740.0,36.8334376956794,2.6852431642663284,3.92752960857661,-1.2422864443102815
1983-04-01,29740.0,41.29463722397476,5.163687346652637,3.92752960857661,1.236157738076027
1984-04-01,29740.0,40.359654534238125,4.6442525190211965,3.92752960857661,0.7167229104445867
1985-04-01,29740.0,34.02542911633821,1.125238397965669,3.92752960857661,-2.8022912106109406
1986-04-01,29740.0,33.85333333333333,1.0296296296296306,3.92752960857661,-2.8978999789469793
1987-04-01,29740.0,36.77449748743719,2.652498604131767,3.92752960857661,-1.275031004444843
1988-04-01,29740.0,34.90964261631827,1.6164681201768123,3.92752960857661,-2.3110614883997975
1989-04-01,29740.0,41.83249051833123,5.462494732406244,3.92752960857661,1.5349651238296338
1990-04-01,29740.0,43.37507827175955,6.319487928755318,3.92752960857661,2.391958320178708
1991-04-01,29740.0,38.593630573248404,3.6631280962491166,3.92752960857661,-0.2644015123274932
1992-04-01,29740.0,35.6840490797546,2.046693933197003,3.92752960857661,-1.8808356753796067
1993-04-01,29740.0,38.78400503778337,3.7688916876574354,3.92752960857661,-0.1586379209191744
1994-04-01,29740.0,41.205533596837945,5.1141853315766355,3.92752960857661,1.1866557230000256
1995-04-01,29740.0,37.921832884097036,3.2899071578316894,3.92752960857661,-0.6376224507449204
1996-04-01,29740.0,37.72282608695652,3.179347826086954,3.92752960857661,-0.7481817824896559
1997-04-01,29740.0,35.54281767955801,1.9682320441988947,3.92752960857661,-1.959297564377715
1998-04-01,29740.0,37.24142661179698,2.9119036732205505,3.92752960857661,-1.0156259353560593
1999-04-01,29740.0,42.3861517976032,5.770084332001779,3.92752960857661,1.842554723425169
2000-04-01,29740.0,43.479792746113986,6.377662636729995,3.92752960857661,2.450133028153385
2001-04-01,29740.0,42.04083769633508,5.5782431646305985,3.92752960857661,1.6507135560539887
2002-04-01,29740.0,42.43940990516333,5.799672169535186,3.92752960857661,1.8721425609585762
2003-04-01,29740.0,36.733496332518335,2.6297201847324,3.92752960857661,-1.29780942384421
2004-04-01,29740.0,39.99640503295387,4.4424472405299085,3.92752960857661,0.5149176319532986
2005-04-01,29740.0,39.860978520286395,4.3672102890479945,3.92752960857661,0.43968068047138464
2006-04-01,29740.0,38.77860465116279,3.765891472868214,3.92752960857661,-0.16163813570839602
2007-04-01,29740.0,41.31628343500704,5.175713019448333,3.92752960857661,1.248183410871723
2008-04-01,29740.0,43.34142923867352,6.300794021485283,3.92752960857661,2.373264412908673
2009-04-01,29740.0,40.20009285051068,4.555607139172598,3.92752960857661,0.6280775305959883
2010-04-01,29740.0,40.31854273703877,4.6214126316882025,3.92752960857661,0.6938830231115927
2011-04-01,29740.0,42.750701590271284,5.972611994595147,3.92752960857661,2.0450823860185374
2012-04-01,29740.0,39.0237651444548,3.902091746919321,3.92752960857661,-0.025437861657288785
2013-04-01,29740.0,36.9405756731662,2.744764262870111,3.92752960857661,-1.1827653457064988
2014-04-01,29740.0,42.09846725499303,5.6102595861072455,3.92752960857661,1.6827299775306357
2015-04-01,29740.0,37.59104938271605,3.106138545953361,3.92752960857661,-0.821391062623249
2016-04-01,29740.0,40.54271123491179,4.745950686062105,3.92752960857661,0.8184210774854948
2017-04-01,29740.0,36.1268201033349,2.29267783518606,3.92752960857661,-1.6348517733905497
2018-04-01,29740.0,40.89541473467285,4.941897074818254,3.92752960857661,1.014367466241644
2019-04-01,29740.0,43.46407046824293,6.368928037912744,3.92752960857661,2.4413984293361346
1952-05-01,29740.0,44.9327731092437,7.184873949579831,10.421878240951559,-3.2370042913717274
1953-05-01,29740.0,48.653225806451616,9.251792114695338,10.421878240951559,-1.170086126256221
1954-05-01,29740.0,52.26229508196721,11.256830601092899,10.421878240951559,0.8349523601413402
1955-05-01,29740.0,43.0655737704918,6.147540983606557,10.421878240951559,-4.274337257345001
1956-05-01,29740.0,47.86178861788618,8.812104787714542,10.421878240951559,-1.6097734532370165
1957-05-01,29740.0,47.44859813084112,8.582554517133955,10.421878240951559,-1.8393237238176035
1958-05-01,29740.0,46.766129032258064,8.203405017921147,10.421878240951559,-2.2184732230304114
1959-05-01,29740.0,49.45614035087719,9.69785575048733,10.421878240951559,-0.724022490464229
1960-05-01,29740.0,51.7212389380531,10.956243854473938,10.421878240951559,0.5343656135223789
1961-05-01,29740.0,49.8375,9.909722222222227,10.421878240951559,-0.5121560187293319
1962-05-01,29740.0,47.395833333333336,8.553240740740742,10.421878240951559,-1.8686375002108164
1963-05-01,29740.0,55.760504201680675,13.200280112044823,10.421878240951559,2.778401871093264
1973-05-01,29740.0,49.56751985878199,9.759733254878883,10.421878240951559,-0.6621449860726756
1974-05-01,29740.0,44.909669211195926,7.172038450664416,10.421878240951559,-3.249839790287143
1975-05-01,29740.0,53.348387096774196,11.860215053763431,10.421878240951559,1.4383368128118725
1976-05-01,29740.0,52.094202898550726,11.163446054750432,10.421878240951559,0.7415678137988735
1977-05-01,29740.0,49.04727272727273,9.470707070707066,10.421878240951559,-0.9511711702444927
1978-05-01,29740.0,51.316697473813925,10.731498596563283,10.421878240951559,0.30962035561172385
1979-05-01,29740.0,51.07674282366725,10.598190457592919,10.421878240951559,0.1763122166413602
1980-05-01,29740.0,44.3421926910299,6.856773717238831,10.421878240951559,-3.565104523712728
1981-05-01,29740.0,51.88452237001209,11.046956872228938,10.421878240951559,0.6250786312773791
1982-05-01,29740.0,48.51446153846154,9.174700854700845,10.421878240951559,-1.2471773862507138
1983-05-01,29740.0,52.844553243574055,11.580307357541143,10.421878240951559,1.1584291165895841
1984-05-01,29740.0,55.195211786372006,12.886228770206651,10.421878240951559,2.4643505292550927
1985-05-01,29740.0,49.17487373737374,9.54159652076317,10.421878240951559,-0.880281720188389
1986-05-01,29740.0,51.96199524940618,11.089997360781204,10.421878240951559,0.6681191198296457
1987-05-01,29740.0,47.30950901180858,8.505282784338094,10.421878240951559,-1.9165954566134644
1988-05-01,29740.0,53.83202416918429,12.12890231621348,10.421878240951559,1.7070240752619217
1989-05-01,29740.0,51.83674736188703,11.020415201048353,10.421878240951559,0.5985369600967942
1990-05-01,29740.0,49.74429771908763,9.857943177270917,10.421878240951559,-0.563935063680642
1991-05-01,29740.0,46.50639074863055,8.05910597146141,10.421878240951559,-2.362772269490149
1992-05-01,29740.0,52.695344725987034,11.497413736659453,10.421878240951559,1.0755354957078946
1993-05-01,29740.0,56.183733177296666,13.435407320720316,10.421878240951559,3.013529079768757
1994-05-01,29740.0,47.24699599465955,8.470553330366421,10.421878240951559,-1.9513249105851376
1995-05-01,29740.0,48.27404479578393,9.041135997657742,10.421878240951559,-1.3807422432938168
1996-05-01,29740.0,48.5249343832021,9.18051910177895,10.421878240951559,-1.2413591391726086
1997-05-01,29740.0,47.16212534059945,8.423402966999694,10.421878240951559,-1.9984752739518648
1998-05-01,29740.0,50.69429347826087,10.385718599033808,10.421878240951559,-0.03615964191775056
1999-05-01,29740.0,46.601063829787236,8.111702127659573,10.421878240951559,-2.310176113291986
2000-05-01,29740.0,51.690184049079754,10.938991138377634,10.421878240951559,0.5171128974260757
2001-05-01,29740.0,49.60554371002132,9.78085761667853,10.421878240951559,-0.641020624273029
2002-05-01,29740.0,53.74236252545825,12.079090291921265,10.421878240951559,1.6572120509697061
2003-05-01,29740.0,49.866825208085615,9.926014004492009,10.421878240951559,-0.4958642364595498
2004-05-01,29740.0,50.2482476635514,10.13791536863965,10.421878240951559,-0.28396287231190875
2005-05-01,29740.0,50.52449567723343,10.291386487351907,10.421878240951559,-0.13049175359965126
2006-05-01,29740.0,51.13519603424966,10.630664463472016,10.421878240951559,0.2087862225204571
2007-05-01,29740.0,51.85855410866637,11.032530060370169,10.421878240951559,0.6106518194186101
2008-05-01,29740.0,51.416479063484914,10.786932813047178,10.421878240951559,0.36505457209561953
2009-05-01,29740.0,52.66022471910112,11.477902621722857,10.421878240951559,1.056024380771298
2010-05-01,29740.0,53.846189591078065,12.136771995043318,10.421878240951559,1.7148937540917597
2011-05-01,29740.0,51.22962629446195,10.683125719145508,10.421878240951559,0.26124747819394933
2012-05-01,29740.0,51.86600378787879,11.036668771043757,10.421878240951559,0.6147905300921988
2013-05-01,29740.0,56.12494361750113,13.402746454167268,10.421878240951559,2.980868213215709
2014-05-01,29740.0,51.516666666666666,10.842592592592572,10.421878240951559,0.42071435164101345
2015-05-01,29740.0,49.258527827648116,9.588071015360063,10.421878240951559,-0.8338072255914959
2016-05-01,29740.0,57.2661217075386,14.036734281965892,10.421878240951559,3.614856041014333
2017-05-01,29740.0,49.49188687992582,9.717714933292138,10.421878240951559,-0.7041633076594209
2018-05-01,29740.0,58.51636541279922,14.731314118221762,10.421878240951559,4.309435877270204
2019-05-01,29740.0,49.565104166666664,9.758391203703678,10.421878240951559,-0.6634870372478812
1952-06-01,29740.0,56.327586206896555,13.515325670498084,14.578879963295755,-1.0635542927976704
1953-06-01,29740.0,62.491379310344826,16.93965517241379,14.578879963295755,2.360775209118035
1954-06-01,29740.0,56.741379310344826,13.745210727969349,14.578879963295755,-0.8336692353264059
1955-06-01,29740.0,54.23275862068966,12.35153256704981,14.578879963295755,-2.2273473962459445
1956-06-01,29740.0,60.64601769911504,15.914454277286131,14.578879963295755,1.3355743139903762
1957-06-01,29740.0,54.25242718446602,12.362459546925562,14.578879963295755,-2.216420416370193
1958-06-01,29740.0,56.108333333333334,13.393518518518517,14.578879963295755,-1.1853614447772376
1959-06-01,29740.0,59.09251101321586,15.051395007342155,14.578879963295755,0.4725150440463999
1960-06-01,29740.0,61.43601895734597,16.353343865192205,14.578879963295755,1.7744639018964499
1961-06-01,29740.0,62.352422907488986,16.86245717082722,14.578879963295755,2.283577207531465
1962-06-01,29740.0,53.50431034482759,11.946839080459771,14.578879963295755,-2.632040882835984
1963-06-01,29740.0,58.723981900452486,14.846656611362494,14.578879963295755,0.2677766480667394
1973-06-01,29740.0,62.061549100968186,16.70086061164899,14.578879963295755,2.1219806483532366
1974-06-01,29740.0,57.852652259332025,14.362584588517825,14.578879963295755,-0.21629537477793015
1975-06-01,29740.0,56.658663205710575,13.699257336505834,14.578879963295755,-0.8796226267899208
1976-06-01,29740.0,55.1763590391909,12.87575502177274,14.578879963295755,-1.703124941523015
1977-06-01,29740.0,57.605737158105406,14.225409532280741,14.578879963295755,-0.35347043101501363
1978-06-01,29740.0,58.595677050222505,14.775376139012547,14.578879963295755,0.196496175716792
1979-06-01,29740.0,60.92215944758318,16.06786635976841,14.578879963295755,1.4889863964726544
1980-06-01,29740.0,61.25643382352941,16.253574346405234,14.578879963295755,1.674694383109479
1981-06-01,29740.0,55.5223130106851,13.067951672602883,14.578879963295755,-1.5109282906928723
1982-06-01,29740.0,52.7944339025933,11.5524632792185,14.578879963295755,-3.0264166840772546
1983-06-01,29740.0,56.70992861778066,13.727738120989263,14.578879963295755,-0.8511418423064914
1984-06-01,29740.0,57.214285714285715,14.007936507936504,14.578879963295755,-0.5709434553592505
1985-06-01,29740.0,56.2992376111817,13.499576450656495,14.578879963295755,-1.0793035126392603
1986-06-01,29740.0,62.29843953185956,16.832466406588644,14.578879963295755,2.253586443292889
1987-06-01,29740.0,54.682859125607216,12.601588403115137,14.578879963295755,-1.9772915601806176
1988-06-01,29740.0,60.76966747769667,15.983148598720364,14.578879963295755,1.404268635424609
1989-06-01,29740.0,61.1046439628483,16.16924664602682,14.578879963295755,1.5903666827310659
1990-06-01,29740.0,57.92918719211823,14.40510399562125,14.578879963295755,-0.17377596767450498
1991-06-01,29740.0,55.27616099071207,12.931200550395614,14.578879963295755,-1.6476794129001409
1992-06-01,29740.0,60.926289926289925,16.070161070161024,14.578879963295755,1.4912811068652694
1993-06-01,29740.0,54.012844036697246,12.229357798165136,14.578879963295755,-2.349522165130619
1994-06-01,29740.0,55.00686813186813,12.781593406593421,14.578879963295755,-1.7972865567023337
1995-06-01,29740.0,63.574585635359114,17.541436464088374,14.578879963295755,2.962556500792619
1996-06-01,29740.0,56.444134078212294,13.580074487895738,14.578879963295755,-0.9988054754000171
1997-06-01,29740.0,61.85264663805437,16.584803687807984,14.578879963295755,2.005923724512229
1998-06-01,29740.0,58.17189631650751,14.539942398059743,14.578879963295755,-0.03893756523601155
1999-06-01,29740.0,65.39693593314763,18.55385329619315,14.578879963295755,3.9749733328973953
2000-06-01,29740.0,58.061909758656874,14.47883875480938,14.578879963295755,-0.10004120848637399
2001-06-01,29740.0,57.74643249176729,14.30357360653736,14.578879963295755,-0.275306356758394
2002-06-01,29740.0,60.935144609991234,16.075080338884003,14.578879963295755,1.4962003755882485
2003-06-01,29740.0,55.717824773413895,13.176569318563283,14.578879963295755,-1.4023106447324718
2004-06-01,29740.0,55.53534743202417,13.075193017791253,14.578879963295755,-1.5036869455045014
2005-06-01,29740.0,57.40442054958184,14.11356697198991,14.578879963295755,-0.46531299130584536
2006-06-01,29740.0,61.28664192949907,16.27035662749949,14.578879963295755,1.6914766642037335
2007-06-01,29740.0,60.08632757816146,15.603515321200824,14.578879963295755,1.024635357905069
2008-06-01,29740.0,58.16207379729099,14.534485442939433,14.578879963295755,-0.044394520356322076
2009-06-01,29740.0,57.40813464235624,14.115630356864552,14.578879963295755,-0.4632496064312033
2010-06-01,29740.0,58.92790262172284,14.959945900957145,14.578879963295755,0.38106593766138985
2011-06-01,29740.0,63.272346368715084,17.373525760397243,14.578879963295755,2.794645797101488
2012-06-01,29740.0,56.597007722007724,13.665004290004283,14.578879963295755,-0.9138756732914715
2013-06-01,29740.0,64.17369152385363,17.87427306880758,14.578879963295755,3.295393105511824
2014-06-01,29740.0,56.40651162790698,13.559173126614986,14.578879963295755,-1.0197068366807684
2015-06-01,29740.0,56.51366373320982,13.6187020740055,14.578879963295755,-0.9601778892902555
2016-06-01,29740.0,59.79721577726218,15.442897654034521,14.578879963295755,0.8640176907387662
2017-06-01,29740.0,56.40037243947859,13.555762466376985,14.578879963295755,-1.0231174969187702
2018-06-01,29740.0,60.026985743380855,15.570547635211554,14.578879963295755,0.9916676719157991
2019-06-01,29740.0,63.90589887640449,17.725499375780345,14.578879963295755,3.14661941248459
1952-07-01,29740.0,61.13223140495868,16.18457300275482,17.639779028868233,-1.4552060261134123
1953-07-01,29740.0,62.940677966101696,17.189265536723166,17.639779028868233,-0.45051349214506686
1954-07-01,29740.0,62.45454545454545,16.91919191919192,17.639779028868233,-0.7205871096763126
1955-07-01,29740.0,64.6923076923077,18.16239316239316,17.639779028868233,0.5226141335249253
1956-07-01,29740.0,59.71900826446281,15.399449035812673,17.639779028868233,-2.2403299930555605
1957-07-01,29740.0,64.15447154471545,17.86359530261969,17.639779028868233,0.2238162737514564
1958-07-01,29740.0,59.63709677419355,15.353942652329751,17.639779028868233,-2.285836376538482
1959-07-01,29740.0,64.14096916299559,17.856093979441997,17.639779028868233,0.21631495057376426
1960-07-01,29740.0,64.4656862745098,18.036492374727665,17.639779028868233,0.39671334585943185
1961-07-01,29740.0,60.57826086956522,15.8768115942029,17.639779028868233,-1.7629674346653328
1962-07-01,29740.0,58.31645569620253,14.620253164556956,17.639779028868233,-3.0195258643112766
1963-07-01,29740.0,62.25523012552301,16.808461180846123,17.639779028868233,-0.8313178480221097
1973-07-01,29740.0,67.7344064386318,19.852448021462077,17.639779028868233,2.2126689925938443
1974-07-01,29740.0,60.348747591522155,15.749304217512343,17.639779028868233,-1.8904748113558902
1975-07-01,29740.0,64.02801302931596,17.793340571842208,17.639779028868233,0.15356154297397495
1976-07-01,29740.0,60.39628482972136,15.775713794289679,17.639779028868233,-1.864065234578554
1977-07-01,29740.0,58.784277879341865,14.880154377412135,17.639779028868233,-2.7596246514560985
1978-07-01,29740.0,59.31479217603912,15.174884542243946,17.639779028868233,-2.464894486624287
1979-07-01,29740.0,58.70335491465568,14.835197174808707,17.639779028868233,-2.804581854059526
1980-07-01,29740.0,62.14319248826291,16.746218049034994,17.639779028868233,-0.8935609798332393
1981-07-01,29740.0,61.77179176755448,16.539884315308022,17.639779028868233,-1.0998947135602108
1982-07-01,29740.0,62.8403205918619,17.133511439923222,17.639779028868233,-0.5062675889450112
1983-07-01,29740.0,64.28661616161617,17.937008978675596,17.639779028868233,0.29722994980736317
1984-07-01,29740.0,59.38452237001209,15.213623538895625,17.639779028868233,-2.426155489972608
1985-07-01,29740.0,60.4141975308642,15.78566529492459,17.639779028868233,-1.8541137339436435
1986-07-01,29740.0,63.05771643663739,17.254286909243,17.639779028868233,-0.38549211962523344
1987-07-01,29740.0,59.651747394236665,15.362081885687013,17.639779028868233,-2.2776971431812196
1988-07-01,29740.0,67.09840810419682,19.49911561344267,17.639779028868233,1.8593365845744358
1989-07-01,29740.0,63.475481067659835,17.486378370922075,17.639779028868233,-0.15340065794615754
1990-07-01,29740.0,60.588235294117645,15.882352941176473,17.639779028868233,-1.7574260876917602
1991-07-01,29740.0,63.98812351543943,17.77117973079971,17.639779028868233,0.1314007019314758
1992-07-01,29740.0,62.239411764705885,16.799673202614372,17.639779028868233,-0.8401058262538612
1993-07-01,29740.0,61.034946236559136,16.130525686977315,17.639779028868233,-1.5092533418909184
1994-07-01,29740.0,67.69241011984022,19.829116733244543,17.639779028868233,2.1893377043763103
1995-07-01,29740.0,60.9667994687915,16.092666371550823,17.639779028868233,-1.5471126573174097
1996-07-01,29740.0,58.5475234270415,14.748624126134157,17.639779028868233,-2.891154902734076
1997-07-01,29740.0,65.34370771312585,18.52428206284769,17.639779028868233,0.8845030339794562
1998-07-01,29740.0,61.27896995708154,16.266094420600865,17.639779028868233,-1.373684608267368
1999-07-01,29740.0,66.78342245989305,19.32412358882943,17.639779028868233,1.6843445599611968
2000-07-01,29740.0,62.52235772357724,16.95686540198734,17.639779028868233,-0.6829136268808931
2001-07-01,29740.0,68.94929881337649,20.527388229653642,17.639779028868233,2.887609200785409
2002-07-01,29740.0,66.90760869565217,19.393115942028956,17.639779028868233,1.753336913160723
2003-07-01,29740.0,68.59315147997678,20.329528599987047,17.639779028868233,2.6897495711188135
2004-07-01,29740.0,61.48522458628842,16.380680325715655,17.639779028868233,-1.2590987031525778
2005-07-01,29740.0,66.44723294723295,19.137351637351586,17.639779028868233,1.4975726084833525
2006-07-01,29740.0,66.15656108597285,18.97586726998493,17.639779028868233,1.3360882411166983
2007-07-01,29740.0,63.12798557908968,17.29332532171653,17.639779028868233,-0.34645370715170287
2008-07-01,29740.0,62.78278503830554,17.10154724350304,17.639779028868233,-0.5382317853651948
2009-07-01,29740.0,62.85919282511211,17.143996013951185,17.639779028868233,-0.49578301491704835
2010-07-01,29740.0,72.27231740306583,22.37350966836989,17.639779028868233,4.733730639501658
2011-07-01,29740.0,69.43292956482728,20.796071980459708,17.639779028868233,3.1562929515914746
2012-07-01,29740.0,64.31173538740371,17.950964104113183,17.639779028868233,0.31118507524494987
2013-07-01,29740.0,64.53707865168539,18.076154806491893,17.639779028868233,0.43637577762365964
2014-07-01,29740.0,68.37255792821445,20.20697662678583,17.639779028868233,2.5671975979175983
2015-07-01,29740.0,60.990094552003605,16.10560808444645,17.639779028868233,-1.5341709444217813
2016-07-01,29740.0,63.567713004484304,17.537618335824593,17.639779028868233,-0.10216069304363984
2017-07-01,29740.0,60.51032315978456,15.83906842210255,17.639779028868233,-1.8007106067656835
2018-07-01,29740.0,69.81932367149759,21.01073537305428,17.639779028868233,3.370956344186048
2019-07-01,29740.0,62.67458538771851,17.04143632651032,17.639779028868233,-0.5983427023579146
1952-08-01,29740.0,57.41129032258065,14.1173835125448,15.81466277272114,-1.697279260176341
1953-08-01,29740.0,59.25409836065574,15.141165755919854,15.81466277272114,-0.6734970168012868
1954-08-01,29740.0,59.27049180327869,15.150273224043714,15.81466277272114,-0.6643895486774269
1955-08-01,29740.0,64.50833333333334,18.060185185185183,15.81466277272114,2.2455224124640427
1956-08-01,29740.0,54.85123966942149,12.695133149678604,15.81466277272114,-3.1195296230425367
1957-08-01,29740.0,59.63709677419355,15.353942652329751,15.81466277272114,-0.46072012039138954
1958-08-01,29740.0,58.08064516129032,14.489247311827961,15.81466277272114,-1.3254154608931792
1959-08-01,29740.0,62.5,16.944444444444446,15.81466277272114,1.1297816717233058
1960-08-01,29740.0,59.206896551724135,15.114942528735638,15.81466277272114,-0.699720243985503
1961-08-01,29740.0,57.497854077253216,14.165474487362909,15.81466277272114,-1.6491882853582318
1962-08-01,29740.0,55.472573839662445,13.040318799812471,15.81466277272114,-2.774343972908669
1963-08-01,29740.0,61.385892116182575,16.325495620101425,15.81466277272114,0.5108328473802839
1973-08-01,29740.0,59.11299804049641,15.062776689164671,15.81466277272114,-0.7518860835564691
1974-08-01,29740.0,58.52056555269923,14.733647529277363,15.81466277272114,-1.0810152434437779
1975-08-01,29740.0,61.39256458727158,16.329202548484187,15.81466277272114,0.5145397757630459
1976-08-01,29740.0,59.712700369913684,15.395944649952044,15.81466277272114,-0.41871812276909637
1977-08-01,29740.0,58.679302045728036,14.821834469848918,15.81466277272114,-0.9928283028722227
1978-08-01,29740.0,56.42619047619048,13.570105820105747,15.81466277272114,-2.244556952615394
1979-08-01,29740.0,60.95807007466973,16.087816708149827,15.81466277272114,0.27315393542868627
1980-08-01,29740.0,58.309785202863964,14.616547334924517,15.81466277272114,-1.1981154377966234
1981-08-01,29740.0,57.30602409638554,14.058902275769722,15.81466277272114,-1.7557604969514191
1982-08-01,29740.0,60.10855063674955,15.615861464860878,15.81466277272114,-0.19880130786026307
1983-08-01,29740.0,60.279611650485435,15.710895361380787,15.81466277272114,-0.10376741134035328
1984-08-01,29740.0,59.19431891542931,15.107954953016277,15.81466277272114,-0.7067078197048637
1985-08-01,29740.0,61.04945054945055,16.1385836385837,15.81466277272114,0.32392086586255964
1986-08-01,29740.0,56.714896214896214,13.73049789716459,15.81466277272114,-2.084164875556551
1987-08-01,29740.0,54.48994515539305,12.49441397521839,15.81466277272114,-3.3202487975027513
1988-08-01,29740.0,58.30089058524173,14.611605880689867,15.81466277272114,-1.2030568920312739
1989-08-01,29740.0,58.08628181253879,14.492378784743767,15.81466277272114,-1.3222839879773733
1990-08-01,29740.0,60.328596802841915,15.738109334912181,15.81466277272114,-0.0765534378089594
1991-08-01,29740.0,62.06172839506173,16.700960219478755,15.81466277272114,0.8862974467576148
1992-08-01,29740.0,59.02393461762989,15.01329700979435,15.81466277272114,-0.8013657629267907
1993-08-01,29740.0,56.44459102902375,13.580328349457647,15.81466277272114,-2.234334423263494
1994-08-01,29740.0,59.94031830238727,15.522399056881822,15.81466277272114,-0.29226371583931865
1995-08-01,29740.0,61.01070950468541,16.117060835936343,15.81466277272114,0.30239806321520213
1996-08-01,29740.0,63.71788079470198,17.621044885945544,15.81466277272114,1.8063821132244033
1997-08-01,29740.0,65.21621621621621,18.453453453453474,15.81466277272114,2.638790680732333
1998-08-01,29740.0,56.85068493150685,13.805936073059375,15.81466277272114,-2.008726699661766
1999-08-01,29740.0,59.908366533864545,15.50464807436918,15.81466277272114,-0.31001469835196005
2000-08-01,29740.0,59.93326488706366,15.518480492813154,15.81466277272114,-0.2961822799079865
2001-08-01,29740.0,61.61201629327902,16.451120162932785,15.81466277272114,0.6364573902116444
2002-08-01,29740.0,66.90507075471699,19.39170597484279,15.81466277272114,3.577043202121649
2003-08-01,29740.0,60.767971946230276,15.982206636794608,15.81466277272114,0.16754386407346722
2004-08-01,29740.0,62.035630841121495,16.686461578400856,15.81466277272114,0.871798805679715
2005-08-01,29740.0,60.97412935323383,16.09673852957433,15.81466277272114,0.28207575685319064
2006-08-01,29740.0,64.8594470046083,18.2552483358935,15.81466277272114,2.4405855631723608
2007-08-01,29740.0,63.39178587909552,17.439881043941973,15.81466277272114,1.6252182712208327
2008-08-01,29740.0,58.681185451279745,14.822880806266575,15.81466277272114,-0.9917819664545657
2009-08-01,29740.0,61.03448275862069,16.130268199233804,15.81466277272114,0.3156054265126631
2010-08-01,29740.0,63.763807813201616,17.646559896223188,15.81466277272114,1.8318971235020474
2011-08-01,29740.0,62.374661857529304,16.874812143071907,15.81466277272114,1.060149370350766
2012-08-01,29740.0,59.660180995475116,15.366767219708347,15.81466277272114,-0.4478955530127937
2013-08-01,29740.0,62.768155164636894,17.093419535909405,15.81466277272114,1.2787567631882641
2014-08-01,29740.0,63.09367996414164,17.27426664674544,15.81466277272114,1.4596038740242978
2015-08-01,29740.0,62.354026090868196,16.863347828260103,15.81466277272114,1.0486850555389626
2016-08-01,29740.0,60.62866300366301,15.904812779812756,15.81466277272114,0.09015000709161569
2017-08-01,29740.0,60.544220870379036,15.857900483543832,15.81466277272114,0.0432377108226909
2018-08-01,29740.0,64.4722880151587,18.04016000842148,15.81466277272114,2.22549723570034
2019-08-01,29740.0,61.66681654676259,16.48156474820148,15.81466277272114,0.6669019754803411
1952-09-01,29740.0,47.321739130434786,8.512077294685996,10.680688869679507,-2.168611574993511
1953-09-01,29740.0,49.136752136752136,9.520417853751184,10.680688869679507,-1.1602710159283234
1954-09-01,29740.0,51.86086956521739,11.033816425120769,10.680688869679507,0.3531275554412616
1955-09-01,29740.0,55.9646017699115,13.313667649950837,10.680688869679507,2.63297878027133
1956-09-01,29740.0,47.30508474576271,8.502824858757066,10.680688869679507,-2.177864010922441
1957-09-01,29740.0,48.88333333333333,9.37962962962963,10.680688869679507,-1.3010592400498773
1958-09-01,29740.0,50.775,10.430555555555555,10.680688869679507,-0.2501333141239517
1959-09-01,29740.0,48.028301886792455,8.904612159329137,10.680688869679507,-1.7760767103503703
1960-09-01,29740.0,50.16814159292036,10.093411996066852,10.680688869679507,-0.5872768736126552
1961-09-01,29740.0,49.52272727272727,9.734848484848484,10.680688869679507,-0.9458403848310226
1962-09-01,29740.0,48.88412017167382,9.38006676204101,10.680688869679507,-1.3006221076384978
1963-09-01,29740.0,54.78813559322034,12.660075329566851,10.680688869679507,1.979386459887344
1973-09-01,29740.0,44.49023569023569,6.939019827908725,10.680688869679507,-3.7416690417707823
1974-09-01,29740.0,54.120957309184995,12.28942072732501,10.680688869679507,1.6087318576455036
1975-09-01,29740.0,55.092676604018145,12.829264780010112,10.680688869679507,2.148575910330605
1976-09-01,29740.0,46.88555347091933,8.269751928288523,10.680688869679507,-2.4109369413909842
1977-09-01,29740.0,47.12484548825711,8.402691937920643,10.680688869679507,-2.2779969317588638
1978-09-01,29740.0,47.15873996294009,8.421522201633366,10.680688869679507,-2.2591666680461415
1979-09-01,29740.0,49.43048780487805,9.683604336043373,10.680688869679507,-0.9970845336361336
1980-09-01,29740.0,51.54289869122637,10.857165939570214,10.680688869679507,0.17647706989070677
1981-09-01,29740.0,50.45594577942082,10.25330321078936,10.680688869679507,-0.427385658890147
1982-09-01,29740.0,50.4794952681388,10.266386260077097,10.680688869679507,-0.4143026096024105
1983-09-01,29740.0,52.81674064679772,11.564855914887607,10.680688869679507,0.8841670452081001
1984-09-01,29740.0,49.927802406586444,9.959890225881377,10.680688869679507,-0.7207986437981297
1985-09-01,29740.0,48.93476842791911,9.408204682177312,10.680688869679507,-1.2724841875021955
1986-09-01,29740.0,45.07754551584626,7.265303064359029,10.680688869679507,-3.4153858053204784
1987-09-01,29740.0,48.06653746770026,8.92585414872238,10.680688869679507,-1.7548347209571276
1988-09-01,29740.0,52.44926568758344,11.360703159768562,10.680688869679507,0.6800142900890549
1989-09-01,29740.0,52.75810635538262,11.532281308545878,10.680688869679507,0.8515924388663709
1990-09-01,29740.0,47.763092269326684,8.757273482959269,10.680688869679507,-1.9234153867202384
1991-09-01,29740.0,49.98014440433213,9.988969113517848,10.680688869679507,-0.6917197561616586
1992-09-01,29740.0,53.65303668069753,12.029464822609691,10.680688869679507,1.3487759529301844
1993-09-01,29740.0,43.825788751714676,6.5698826398415,10.680688869679507,-4.1108062298380075
1994-09-01,29740.0,52.04264099037139,11.13480055020634,10.680688869679507,0.4541116805268324
1995-09-01,29740.0,51.650205761316876,10.916780978509363,10.680688869679507,0.23609210882985643
1996-09-01,29740.0,47.86896551724138,8.816091954022975,10.680688869679507,-1.8645969156565325
1997-09-01,29740.0,49.071844660194174,9.484358144552298,10.680688869679507,-1.1963307251272095
1998-09-01,29740.0,53.09465020576132,11.719250114311844,10.680688869679507,1.0385612446323371
1999-09-01,29740.0,55.02860858257477,12.79367143476374,10.680688869679507,2.1129825650842324
2000-09-01,29740.0,49.561974789915965,9.756652661064427,10.680688869679507,-0.92403620861508
2001-09-01,29740.0,53.78270042194093,12.101500234411589,10.680688869679507,1.4208113647320815
2002-09-01,29740.0,52.05497220506486,11.141651225036032,10.680688869679507,0.46096235535652497
2003-09-01,29740.0,52.77325227963526,11.540695710908503,10.680688869679507,0.8600068412289961
2004-09-01,29740.0,54.16002452483139,12.311124736017364,10.680688869679507,1.6304358663378569
2005-09-01,29740.0,53.885714285714286,12.158730158730163,10.680688869679507,1.4780412890506565
2006-09-01,29740.0,56.60360799609946,13.668671108944183,10.680688869679507,2.987982239264676
2007-09-01,29740.0,51.68556701030928,10.936426116838444,10.680688869679507,0.25573724715893675
2008-09-01,29740.0,49.440913604766635,9.689396447092578,10.680688869679507,-0.9912924225869286
2009-09-01,29740.0,55.171802054154995,12.873223363419445,10.680688869679507,2.192534493739938
2010-09-01,29740.0,52.69148441135412,11.49526911741895,10.680688869679507,0.8145802477394426
2011-09-01,29740.0,55.40771734077173,13.004287411539904,10.680688869679507,2.323598541860397
2012-09-01,29740.0,53.09976798143852,11.722093323021388,10.680688869679507,1.0414044533418814
2013-09-01,29740.0,53.14790697674419,11.748837209302323,10.680688869679507,1.068148339622816
2014-09-01,29740.0,53.62291280148423,12.012729334157918,10.680688869679507,1.3320404644784105
2015-09-01,29740.0,54.59194312796208,12.55107951553449,10.680688869679507,1.8703906458549824
2016-09-01,29740.0,54.47463936714751,12.4859107595264,10.680688869679507,1.8052218898468926
2017-09-01,29740.0,52.259067357512954,11.255037420840509,10.680688869679507,0.5743485511610018
2018-09-01,29740.0,56.35858585858586,13.532547699214375,10.680688869679507,2.8518588295348675
2019-09-01,29740.0,51.87048334115439,11.03915741175241,10.680688869679507,0.35846854207290235
1952-10-01,29740.0,36.1900826446281,2.3278236914600545,5.661539368806413,-3.3337156773463588
1953-10-01,29740.0,44.80327868852459,7.112932604735881,5.661539368806413,1.4513932359294675
1954-10-01,29740.0,41.12173913043478,5.067632850241545,5.661539368806413,-0.593906518564868
1955-10-01,29740.0,42.291666666666664,5.71759259259259,5.661539368806413,0.05605322378617661
1956-10-01,29740.0,40.04838709677419,4.47132616487455,5.661539368806413,-1.1902132039318634
1957-10-01,29740.0,42.28688524590164,5.714936247723137,5.661539368806413,0.05339687891672362
1958-10-01,29740.0,43.096774193548384,6.164874551971332,5.661539368806413,0.5033351831649187
1959-10-01,29740.0,40.530973451327434,4.739429695181909,5.661539368806413,-0.9221096736245045
1960-10-01,29740.0,38.14159292035398,3.411996066863329,5.661539368806413,-2.2495433019430844
1961-10-01,29740.0,47.644444444444446,8.69135802469136,5.661539368806413,3.029818655884946
1962-10-01,29740.0,44.39506172839506,6.886145404663924,5.661539368806413,1.2246060358575104
1963-10-01,29740.0,42.8471615720524,6.026200873362447,5.661539368806413,0.3646615045560333
1973-10-01,29740.0,36.00760938490805,2.226449658282243,5.661539368806413,-3.4350897105241702
1974-10-01,29740.0,42.303242212333124,5.724023451296196,5.661539368806413,0.062484082489782544
1975-10-01,29740.0,40.84365419987738,4.913141222154113,5.661539368806413,-0.7483981466523
1976-10-01,29740.0,35.18348623853211,1.7686034658511782,5.661539368806413,-3.892935902955235
1977-10-01,29740.0,41.756660746003554,5.42036708111303,5.661539368806413,-0.2411722876933835
1978-10-01,29740.0,39.356617647058826,4.08700980392157,5.661539368806413,-1.574529564884843
1979-10-01,29740.0,39.078512396694215,3.932506887052327,5.661539368806413,-1.729032481754086
1980-10-01,29740.0,41.366530241018644,5.203627911676978,5.661539368806413,-0.45791145712943493
1981-10-01,29740.0,43.15047393364929,6.1947077409162725,5.661539368806413,0.5331683721098592
1982-10-01,29740.0,40.92412935323383,4.957849640685466,5.661539368806413,-0.7036897281209473
1983-10-01,29740.0,42.73308733087331,5.962826294929604,5.661539368806413,0.30128692612319075
1984-10-01,29740.0,45.09229828850856,7.273499049171423,5.661539368806413,1.6119596803650094
1985-10-01,29740.0,44.64443045940843,7.024683588560243,5.661539368806413,1.3631442197538295
1986-10-01,29740.0,42.37922403003755,5.766235572243123,5.661539368806413,0.10469620343670982
1987-10-01,29740.0,44.53024453024453,6.961246961246924,5.661539368806413,1.2997075924405106
1988-10-01,29740.0,40.5969868173258,4.776103787403236,5.661539368806413,-0.8854355814031774
1989-10-01,29740.0,41.62147239263804,5.345262440354441,5.661539368806413,-0.3162769284519724
1990-10-01,29740.0,41.77256097560976,5.429200542005419,5.661539368806413,-0.23233882680099427
1991-10-01,29740.0,42.42326139088729,5.790700772715157,5.661539368806413,0.12916140390874364
1992-10-01,29740.0,33.114589486119314,0.619216381177393,5.661539368806413,-5.042322987629021
1993-10-01,29740.0,38.72543741588156,3.736354119934205,5.661539368806413,-1.925185248872208
1994-10-01,29740.0,40.76564580559254,4.869803225329202,5.661539368806413,-0.7917361434772117
1995-10-01,29740.0,46.483311081441926,8.04628393413437,5.661539368806413,2.3847445653279573
1996-10-01,29740.0,44.24869109947644,6.804828388598022,5.661539368806413,1.1432890197916086
1997-10-01,29740.0,37.09132420091324,2.828513444951803,5.661539368806413,-2.8330259238546103
1998-10-01,29740.0,42.83224115334207,6.0179117518567145,5.661539368806413,0.35637238305030117
1999-10-01,29740.0,44.42915811088296,6.905087839379409,5.661539368806413,1.2435484705729953
2000-10-01,29740.0,47.968527918781724,8.871404399323161,5.661539368806413,3.209865030516748
2001-10-01,29740.0,46.61764705882353,8.120915032679745,5.661539368806413,2.459375663873332
2002-10-01,29740.0,33.006575014943216,0.5592083416351187,5.661539368806413,-5.102331027171295
2003-10-01,29740.0,38.344136711844435,3.5245203954691395,5.661539368806413,-2.1370189733372738
2004-10-01,29740.0,42.136443148688045,5.631357304826687,5.661539368806413,-0.030182063979726337
2005-10-01,29740.0,45.16413867822318,7.3134103767906735,5.661539368806413,1.6518710079842602
2006-10-01,29740.0,45.62189054726368,7.56771697070206,5.661539368806413,1.9061776018956467
2007-10-01,29740.0,43.448884758364315,6.360491532424624,5.661539368806413,0.6989521636182108
2008-10-01,29740.0,46.77727065267001,8.209594807038863,5.661539368806413,2.54805543823245
2009-10-01,29740.0,37.90152877697842,3.278627098321341,5.661539368806413,-2.3829122704850723
2010-10-01,29740.0,41.17751479289941,5.098619329388548,5.661539368806413,-0.5629200394178655
2011-10-01,29740.0,45.801261829652994,7.667367683140556,5.661539368806413,2.005828314334143
2012-10-01,29740.0,42.48831985624439,5.826844364580213,5.661539368806413,0.1653049957737993
2013-10-01,29740.0,43.8838043965904,6.602113553661344,5.661539368806413,0.9405741848549303
2014-10-01,29740.0,42.44638851502916,5.803549175016204,5.661539368806413,0.1420098062097903
2015-10-01,29740.0,41.4304932735426,5.239162929745872,5.661539368806413,-0.42237643906054156
2016-10-01,29740.0,40.116091438816674,4.50893968823146,5.661539368806413,-1.1525996805749532
2017-10-01,29740.0,41.018443544759336,5.010246413755178,5.661539368806413,-0.6512929550512352
2018-10-01,29740.0,44.079518072289154,6.7108433734940025,5.661539368806413,1.0493040046875892
2019-10-01,29740.0,44.521126760563384,6.956181533646323,5.661539368806413,1.2946421648399093
1952-11-01,29740.0,27.854700854700855,-2.302943969610636,0.4564944198325254,-2.7594383894431616
1953-11-01,29740.0,34.813559322033896,1.563088512241055,0.4564944198325254,1.1065940924085296
1954-11-01,29740.0,32.052173913043475,0.028985507246377575,0.4564944198325254,-0.42750891258614787
1955-11-01,29740.0,29.640350877192983,-1.310916179337232,0.4564944198325254,-1.7674105991697573
1956-11-01,29740.0,24.27433628318584,-4.292035398230088,0.4564944198325254,-4.748529818062614
1957-11-01,29740.0,33.705882352941174,0.9477124183006521,0.4564944198325254,0.4912179984681267
1958-11-01,29740.0,37.791666666666664,3.217592592592593,0.4564944198325254,2.7610981727600676
1959-11-01,29740.0,34.647619047619045,1.4708994708994727,0.4564944198325254,1.0144050510669473
1960-11-01,29740.0,30.805194805194805,-0.6637806637806638,0.4564944198325254,-1.1202750836131892
1961-11-01,29740.0,35.085972850678736,1.7144293614881854,0.4564944198325254,1.25793494165566
1962-11-01,29740.0,34.73728813559322,1.5207156308851235,0.4564944198325254,1.0642212110525981
1963-11-01,29740.0,31.90308370044053,-0.05384238864415101,0.4564944198325254,-0.5103368084766764
1973-11-01,29740.0,26.56638325703074,-3.018675968316258,0.4564944198325254,-3.475170388148783
1974-11-01,29740.0,35.82365439093484,2.1242524394082443,0.4564944198325254,1.667758019575719
1975-11-01,29740.0,34.209493670886076,1.2274964838256182,0.4564944198325254,0.7710020639930928
1976-11-01,29740.0,31.827433628318584,-0.09587020648967519,0.4564944198325254,-0.5523646263222006
1977-11-01,29740.0,35.16737416616131,1.7596523145340774,0.4564944198325254,1.303157894701552
1978-11-01,29740.0,35.72321981424149,2.068455452356391,0.4564944198325254,1.6119610325238658
1979-11-01,29740.0,34.51010410287814,1.3945022793767452,0.4564944198325254,0.9380078595442198
1980-11-01,29740.0,27.695220066256507,-2.391544407635268,0.4564944198325254,-2.8480388274677932
1981-11-01,29740.0,31.972036474164135,-0.015535292131037522,0.4564944198325254,-0.47202971196356297
1982-11-01,29740.0,38.522858982614295,3.6238105458968204,0.4564944198325254,3.167316126064295
1983-11-01,29740.0,28.978426395939085,-1.678652002256064,0.4564944198325254,-2.1351464220885896
1984-11-01,29740.0,34.129052765416404,1.1828070918979974,0.4564944198325254,0.726312672065472
1985-11-01,29740.0,29.580278128950695,-1.3442899283607264,0.4564944198325254,-1.8007843481932517
1986-11-01,29740.0,38.73831168831169,3.7435064935064735,0.4564944198325254,3.287012073673948
1987-11-01,29740.0,31.336486486486486,-0.36861861861862016,0.4564944198325254,-0.8251130384511456
1988-11-01,29740.0,26.09016393442623,-3.2832422586520864,0.4564944198325254,-3.7397366784846118
1989-11-01,29740.0,33.10673443456162,0.6148524636453481,0.4564944198325254,0.15835804381282265
1990-11-01,29740.0,30.202815099168266,-0.9984360560176291,0.4564944198325254,-1.4549304758501544
1991-11-01,29740.0,37.76520168573149,3.2028898254063995,0.4564944198325254,2.746395405573874
1992-11-01,29740.0,29.7325,-1.2597222222222249,0.4564944198325254,-1.7162166420547502
1993-11-01,29740.0,26.526104417670684,-3.041053101294065,0.4564944198325254,-3.4975475211265903
1994-11-01,29740.0,31.147586206896552,-0.4735632183908042,0.4564944198325254,-0.9300576382233297
1995-11-01,29740.0,28.09189189189189,-2.1711711711711708,0.4564944198325254,-2.627665591003696
1996-11-01,29740.0,38.21045392022008,3.4502521779000523,0.4564944198325254,2.993757758067527
1997-11-01,29740.0,32.61768707482993,0.34315948601663315,0.4564944198325254,-0.11333493381589227
1998-11-01,29740.0,25.856164383561644,-3.4132420091324325,0.4564944198325254,-3.869736428964958
1999-11-01,29740.0,36.76321353065539,2.646229739252991,0.4564944198325254,2.189735319420466
2000-11-01,29740.0,40.51952277657267,4.733068209207057,0.4564944198325254,4.276573789374532
2001-11-01,29740.0,31.930817610062892,-0.03843466107616887,0.4564944198325254,-0.4949290809086943
2002-11-01,29740.0,26.865030674846626,-2.8527607361963194,0.4564944198325254,-3.309255156028845
2003-11-01,29740.0,37.175270108043215,2.8751500600239988,0.4564944198325254,2.4186556401914734
2004-11-01,29740.0,31.476959904248954,-0.2905778309728068,0.4564944198325254,-0.7470722508053322
2005-11-01,29740.0,38.38741721854305,3.5485651214127443,0.4564944198325254,3.092070701580219
2006-11-01,29740.0,34.87099811676083,1.5949989537560207,0.4564944198325254,1.1385045339234954
2007-11-01,29740.0,32.012143858010276,0.00674658778349285,0.4564944198325254,-0.44974783204903257
2008-11-01,29740.0,36.62634283045306,2.57019046136281,0.4564944198325254,2.1136960415302846
2009-11-01,29740.0,36.65554010199351,2.586411167774178,0.4564944198325254,2.1299167479416528
2010-11-01,29740.0,28.762687969924812,-1.7985066833750984,0.4564944198325254,-2.255001103207624
2011-11-01,29740.0,39.79257540603248,4.329208558906923,0.4564944198325254,3.8727141390743975
2012-11-01,29740.0,37.791162790697676,3.217312661498753,0.4564944198325254,2.7608182416662275
2013-11-01,29740.0,38.30848089468779,3.5047116081599032,0.4564944198325254,3.048217188327378
2014-11-01,29740.0,36.0375,2.243055555555572,0.4564944198325254,1.7865611357230464
2015-11-01,29740.0,40.2712100139082,4.59511667439345,0.4564944198325254,4.138622254560925
2016-11-01,29740.0,30.262668526266854,-0.9651841520739742,0.4564944198325254,-1.4216785719064997
2017-11-01,29740.0,36.99119962945808,2.7728886830322876,0.4564944198325254,2.3163942631997623
2018-11-01,29740.0,37.90280373831776,3.279335410176534,0.4564944198325254,2.822840990344009
1952-12-01,29740.0,27.06896551724138,-2.7394636015325666,-3.1081018166601626,0.368638215127596
1953-12-01,29740.0,29.669354838709676,-1.294802867383512,-3.1081018166601626,1.8132989492766507
1954-12-01,29740.0,31.93388429752066,-0.03673094582185528,-3.1081018166601626,3.071370870838307
1955-12-01,29740.0,12.891666666666667,-10.615740740740746,-3.1081018166601626,-7.507638924080583
1956-12-01,29740.0,27.83606557377049,-2.3132969034608375,-3.1081018166601626,0.7948049131993251
1957-12-01,29740.0,28.35483870967742,-2.025089605734767,-3.1081018166601626,1.0830122109253955
1958-12-01,29740.0,20.096774193548388,-6.612903225806452,-3.1081018166601626,-3.5048014091462893
1959-12-01,29740.0,22.60747663551402,-5.218068535825545,-3.1081018166601626,-2.109966719165383
1960-12-01,29740.0,31.525345622119815,-0.26369687660010216,-3.1081018166601626,2.8444049400600604
1961-12-01,29740.0,22.794117647058822,-5.114379084967321,-3.1081018166601626,-2.006277268307158
1962-12-01,29740.0,19.70124481327801,-6.832641770401107,-3.1081018166601626,-3.7245399537409445
1963-12-01,29740.0,24.31063829787234,-4.271867612293147,-3.1081018166601626,-1.1637657956329845
1973-12-01,29740.0,20.26734006734007,-6.518144407033278,-3.1081018166601626,-3.410042590373115
1974-12-01,29740.0,33.22859025032938,0.6825501390718683,-3.1081018166601626,3.790651955732031
1975-12-01,29740.0,28.978028876333962,-1.678872846481124,-3.1081018166601626,1.4292289701790386
1976-12-01,29740.0,24.830351634793338,-3.983137980670364,-3.1081018166601626,-0.8750361640102016
1977-12-01,29740.0,25.663125,-3.520486111111136,-3.1081018166601626,-0.41238429445097324
1978-12-01,29740.0,9.584431889516635,-12.453093394713,-3.1081018166601626,-9.344991578052836
1979-12-01,29740.0,24.89547677261614,-3.946957348546552,-3.1081018166601626,-0.8388555318863893
1980-12-01,29740.0,26.45699183085055,-3.0794489828607903,-3.1081018166601626,0.028652833799372335
1981-12-01,29740.0,21.260493827160495,-5.966392318244155,-3.1081018166601626,-2.858290501583993
1982-12-01,29740.0,31.569767441860463,-0.2390180878552978,-3.1081018166601626,2.8690837288048647
1983-12-01,29740.0,27.447837150127228,-2.5289793610404088,-3.1081018166601626,0.5791224556197538
1984-12-01,29740.0,28.43683218101823,-1.979537677212102,-3.1081018166601626,1.1285641394480606
1985-12-01,29740.0,20.270486342438375,-6.516396476423092,-3.1081018166601626,-3.40829465976293
1986-12-01,29740.0,19.907468605419695,-6.718072996989053,-3.1081018166601626,-3.6099711803288907
1987-12-01,29740.0,23.599324324324325,-4.66704204204206,-3.1081018166601626,-1.5589402253818974
1988-12-01,29740.0,20.760657734470158,-6.24407903640548,-3.1081018166601626,-3.135977219745317
1989-12-01,29740.0,23.22174709835064,-4.8768071675829825,-3.1081018166601626,-1.7687053509228199
1990-12-01,29740.0,30.16289038579302,-1.0206164523372088,-3.1081018166601626,2.087485364322954
1991-12-01,29740.0,29.805357142857144,-1.2192460317460327,-3.1081018166601626,1.8888557849141299
1992-12-01,29740.0,32.74277108433735,0.41265060240964224,-3.1081018166601626,3.520752419069805
1993-12-01,29740.0,26.90303738317757,-2.8316458982346884,-3.1081018166601626,0.27645591842547423
1994-12-01,29740.0,31.26478149100257,-0.40845472722079024,-3.1081018166601626,2.6996470894393725
1995-12-01,29740.0,17.6171875,-7.990451388888883,-3.1081018166601626,-4.882349572228721
1996-12-01,29740.0,22.721419185282524,-5.154767119287492,-3.1081018166601626,-2.04666530262733
1997-12-01,29740.0,26.19193324061196,-3.226703755215584,-3.1081018166601626,-0.11860193855542134
1998-12-01,29740.0,28.388079470198676,-2.006622516556291,-3.1081018166601626,1.1014793001038714
1999-12-01,29740.0,28.189079878665318,-2.1171778451859327,-3.1081018166601626,0.99092397147423
2000-12-01,29740.0,34.16391752577319,1.2021764032073365,-3.1081018166601626,4.310278219867499
2001-12-01,29740.0,19.368527918781727,-7.017484489565701,-3.1081018166601626,-3.9093826729055388
2002-12-01,29740.0,17.42472173403632,-8.097376814424255,-3.1081018166601626,-4.989274997764092
2003-12-01,29740.0,30.263556851311954,-0.9646906381600211,-3.1081018166601626,2.1434111785001413
2004-12-01,29740.0,31.181605155243115,-0.45466380264271156,-3.1081018166601626,2.653438014017451
2005-12-01,29740.0,25.538793103448278,-3.5895593869731854,-3.1081018166601626,-0.48145757031302283
2006-12-01,29740.0,37.741160471441525,3.189533595245292,-3.1081018166601626,6.297635411905455
2007-12-01,29740.0,34.855670103092784,1.5864833906071043,-3.1081018166601626,4.6945852072672665
2008-12-01,29740.0,32.76122082585278,0.42290045880710153,-3.1081018166601626,3.531002275467264
2009-12-01,29740.0,22.321509777171443,-5.376939012682548,-3.1081018166601626,-2.268837196022385
2010-12-01,29740.0,16.0806669671023,-8.844073907165402,-3.1081018166601626,-5.735972090505239
2011-12-01,29740.0,35.8943345323741,2.1635191846522552,-3.1081018166601626,5.271621001312418
2012-12-01,29740.0,20.01571621014818,-6.657935438806568,-3.1081018166601626,-3.5498336221464055
2013-12-01,29740.0,34.44499326448137,1.3583295913785307,-3.1081018166601626,4.4664314080386935
2014-12-01,29740.0,30.328862394436165,-0.9284097808687918,-3.1081018166601626,2.179692035791371
2015-12-01,29740.0,35.8991899189919,2.1662166216621714,-3.1081018166601626,5.274318438322334
2016-12-01,29740.0,30.53697024346258,-0.8127943091874551,-3.1081018166601626,2.2953075074727076
2017-12-01,29740.0,33.44504504504504,0.8028028028027991,-3.1081018166601626,3.9109046194629618
2018-12-01,29740.0,28.632289156626506,-1.8709504685408331,-3.1081018166601626,1.2371513481193295
